seed,method,n_target,coverage,coverage_high_noise,width
0,A in-distribution,0,0.8776666666666667,0.8949416342412452,0.21248837647311627
0,B naive (reuse A quantile),0,0.20166666666666666,0.17235494880546076,0.21248837647311627
0,B recalibrated,20,0.934,0.8856655290102389,1.2389064011752482
0,B affine + conformal,20,0.936,0.8873720136518771,0.8902377040895663
0,B recalibrated,40,0.9673333333333334,0.9360068259385665,1.439637320477855
0,B affine + conformal,40,0.9586666666666667,0.9343003412969283,0.9825893199981641
0,B recalibrated,80,0.913,0.85580204778157,1.1593618860174388
0,B affine + conformal,80,0.804,0.7389078498293515,0.5999385355860266
0,B recalibrated,160,0.8606666666666667,0.7960750853242321,1.005435799229853
0,B affine + conformal,160,0.9153333333333333,0.8651877133105802,0.8085568547456803
1,A in-distribution,0,0.9286666666666666,0.9589403973509933,0.23667404451722815
1,B naive (reuse A quantile),0,0.22633333333333333,0.2289156626506024,0.23667404451722815
1,B recalibrated,20,0.9926666666666667,0.9853700516351118,1.6492887126878661
1,B affine + conformal,20,0.976,0.959552495697074,1.088579636331309
1,B recalibrated,40,0.8796666666666667,0.8313253012048193,1.0512454263950701
1,B affine + conformal,40,0.9486666666666667,0.9173838209982789,0.9165984385967463
1,B recalibrated,80,0.9386666666666666,0.9053356282271945,1.2314178902929587
1,B affine + conformal,80,0.8856666666666667,0.8364888123924269,0.7741454356575603
1,B recalibrated,160,0.9066666666666666,0.8648881239242685,1.1153249317974954
1,B affine + conformal,160,0.9283333333333333,0.8924268502581756,0.8192384904064041
2,A in-distribution,0,0.9233333333333333,0.8804204993429697,0.2643173263285929
2,B naive (reuse A quantile),0,0.279,0.2554806070826307,0.2643173263285929
2,B recalibrated,20,0.9693333333333334,0.945193929173693,1.378711085252531
2,B affine + conformal,20,0.9806666666666667,0.9620573355817875,1.2257130863169368
2,B recalibrated,40,0.8216666666666667,0.7630691399662732,0.9141771056270424
2,B affine + conformal,40,0.922,0.8701517706576728,0.8924188008336408
2,B recalibrated,80,0.899,0.8549747048903878,1.0883564924999334
2,B affine + conformal,80,0.952,0.9089376053962901,0.946061136328792
2,B recalibrated,160,0.938,0.8979763912310287,1.2296392789596735
2,B affine + conformal,160,0.9143333333333333,0.8591905564924115,0.8086644090013603
3,A in-distribution,0,0.8886666666666667,0.9208053691275168,0.2109926841144448
3,B naive (reuse A quantile),0,0.198,0.18802698145025296,0.2109926841144448
3,B recalibrated,20,0.918,0.8962900505902193,1.1706754688369596
3,B affine + conformal,20,0.863,0.8111298482293423,0.6552774601000771
3,B recalibrated,40,0.8613333333333333,0.8347386172006745,1.0246046077928188
3,B affine + conformal,40,0.9073333333333333,0.863406408094435,0.7718822638260081
3,B recalibrated,80,0.8796666666666667,0.8541315345699831,1.071859967074735
3,B affine + conformal,80,0.938,0.8996627318718381,0.8299258547992531
3,B recalibrated,160,0.8793333333333333,0.8541315345699831,1.0686718632772951
3,B affine + conformal,160,0.9443333333333334,0.9097807757166948,0.8391755098088252
4,A in-distribution,0,0.907,0.8926701570680629,0.22257530751830185
4,B naive (reuse A quantile),0,0.2,0.17970049916805325,0.22257530751830185
4,B recalibrated,20,0.9026666666666666,0.8627287853577371,1.1170137094020927
4,B affine + conformal,20,0.9136666666666666,0.8843594009983361,0.8705452246427682
4,B recalibrated,40,0.9386666666666666,0.9101497504159733,1.2498001912501617
4,B affine + conformal,40,0.9666666666666667,0.9525790349417638,1.0156745369835776
4,B recalibrated,80,0.9493333333333334,0.9259567387687188,1.287729045468215
4,B affine + conformal,80,0.917,0.8943427620632279,0.7857003803464898
4,B recalibrated,160,0.923,0.8876871880199667,1.1915293559086209
4,B affine + conformal,160,0.9076666666666666,0.8768718801996672,0.7912414604183367
5,A in-distribution,0,0.863,0.8314176245210728,0.1934870022100416
5,B naive (reuse A quantile),0,0.173,0.16967213114754098,0.1934870022100416
5,B recalibrated,20,0.8913333333333333,0.8590163934426229,1.1079439133835436
5,B affine + conformal,20,0.9746666666666667,0.95,1.0415428734812104
5,B recalibrated,40,0.9286666666666666,0.9024590163934426,1.2252694149799037
5,B affine + conformal,40,0.9596666666666667,0.9311475409836065,0.9465286953374645
5,B recalibrated,80,0.8843333333333333,0.8532786885245902,1.09349634270912
5,B affine + conformal,80,0.911,0.8639344262295082,0.7835525481820743
5,B recalibrated,160,0.9073333333333333,0.8778688524590164,1.156441522097257
5,B affine + conformal,160,0.9103333333333333,0.860655737704918,0.7725247571964771
6,A in-distribution,0,0.8873333333333333,0.8685714285714285,0.20802804268413502
6,B naive (reuse A quantile),0,0.196,0.16331658291457288,0.20802804268413502
6,B recalibrated,20,0.945,0.914572864321608,1.2912498416267195
6,B affine + conformal,20,0.945,0.9212730318257957,1.0557060463401233
6,B recalibrated,40,0.9206666666666666,0.8777219430485762,1.2114250037734169
6,B affine + conformal,40,0.9713333333333334,0.9438860971524288,1.0820432625769265
6,B recalibrated,80,0.7736666666666666,0.7110552763819096,0.8757185077308892
6,B affine + conformal,80,0.895,0.8400335008375209,0.7604085490267256
6,B recalibrated,160,0.903,0.8609715242881072,1.1605402731050025
6,B affine + conformal,160,0.943,0.907035175879397,0.8919486641739983
7,A in-distribution,0,0.914,0.9287598944591029,0.21108384253393062
7,B naive (reuse A quantile),0,0.208,0.20858369098712445,0.21108384253393062
7,B recalibrated,20,0.936,0.896137339055794,1.206431041718372
7,B affine + conformal,20,0.9766666666666667,0.951931330472103,1.162914741067982
7,B recalibrated,40,0.9213333333333333,0.8772532188841202,1.1604180846743226
7,B affine + conformal,40,0.8163333333333334,0.7424892703862661,0.5936663726714103
7,B recalibrated,80,0.8796666666666667,0.8326180257510729,1.0385646087695222
7,B affine + conformal,80,0.9456666666666667,0.9184549356223176,0.8656178789388065
7,B recalibrated,160,0.9423333333333334,0.9030042918454936,1.2419205709444812
7,B affine + conformal,160,0.9416666666666667,0.9107296137339056,0.859055282038501
8,A in-distribution,0,0.8926666666666667,0.9387464387464387,0.22952702833758823
8,B naive (reuse A quantile),0,0.211,0.21869782971619364,0.22952702833758826
8,B recalibrated,20,0.91,0.8597662771285476,1.1385619663170132
8,B affine + conformal,20,0.5486666666666666,0.49165275459098495,0.3435875484578119
8,B recalibrated,40,0.9033333333333333,0.8505843071786311,1.1096705239281979
8,B affine + conformal,40,0.9176666666666666,0.8898163606010017,0.8377314585177389
8,B recalibrated,80,0.8723333333333333,0.8113522537562604,1.0242470812519127
8,B affine + conformal,80,0.886,0.833889816360601,0.7405943087729677
8,B recalibrated,160,0.879,0.820534223706177,1.038058243456618
8,B affine + conformal,160,0.8233333333333334,0.7570951585976627,0.6012100225044961
9,A in-distribution,0,0.86,0.859395532194481,0.19411410409811
9,B naive (reuse A quantile),0,0.19466666666666665,0.19829059829059828,0.19411410409811
9,B recalibrated,20,0.9763333333333334,0.958974358974359,1.41493128411175
9,B affine + conformal,20,0.9586666666666667,0.923931623931624,0.9464917130924208
9,B recalibrated,40,0.931,0.9017094017094017,1.1433758438203159
9,B affine + conformal,40,0.9623333333333334,0.9307692307692308,0.969971405622286
9,B recalibrated,80,0.9293333333333333,0.8991452991452992,1.1401395251785278
9,B affine + conformal,80,0.9083333333333333,0.8572649572649572,0.7311540267170996
9,B recalibrated,160,0.898,0.8675213675213675,1.052548658873778
9,B affine + conformal,160,0.8973333333333333,0.8367521367521368,0.6926655755465784
10,A in-distribution,0,0.8653333333333333,0.86328125,0.1745650671920793
10,B naive (reuse A quantile),0,0.15633333333333332,0.13628899835796388,0.1745650671920793
10,B recalibrated,20,0.9686666666666667,0.951559934318555,1.4065582399444778
10,B affine + conformal,20,0.981,0.9638752052545156,1.1031499870794
10,B recalibrated,40,0.9093333333333333,0.8752052545155994,1.1195371326876618
10,B affine + conformal,40,0.965,0.9367816091954023,0.9527317986341083
10,B recalibrated,80,0.9153333333333333,0.8834154351395731,1.139402378236564
10,B affine + conformal,80,0.932,0.8875205254515599,0.8482716874059637
10,B recalibrated,160,0.8803333333333333,0.8407224958949097,1.029894693863822
10,B affine + conformal,160,0.878,0.8218390804597702,0.6743380743697978
11,A in-distribution,0,0.9133333333333333,0.9360313315926893,0.2588024919641105
11,B naive (reuse A quantile),0,0.243,0.24296675191815856,0.2588024919641105
11,B recalibrated,20,0.9133333333333333,0.8687127024722933,1.1829082440294045
11,B affine + conformal,20,0.8666666666666667,0.8132992327365729,0.6937424438113727
11,B recalibrated,40,0.8753333333333333,0.8277919863597613,1.077558607018538
11,B affine + conformal,40,0.9363333333333334,0.907928388746803,0.8715876852952679
11,B recalibrated,80,0.911,0.8670076726342711,1.178403606309395
11,B affine + conformal,80,0.9063333333333333,0.8695652173913043,0.7653984604982046
11,B recalibrated,160,0.9416666666666667,0.9130434782608695,1.2829217397827009
11,B affine + conformal,160,0.89,0.8465473145780051,0.701162103421008
12,A in-distribution,0,0.9313333333333333,0.950632911392405,0.24983030562986294
12,B naive (reuse A quantile),0,0.25066666666666665,0.23893065998329155,0.24983030562986294
12,B recalibrated,20,0.886,0.8454469507101086,0.9993540701724208
12,B affine + conformal,20,0.8826666666666667,0.8680033416875522,0.8009292608806389
12,B recalibrated,40,0.9343333333333333,0.9005847953216374,1.1509895285622072
12,B affine + conformal,40,0.934,0.8972431077694235,0.8725377868152366
12,B recalibrated,80,0.9266666666666666,0.8930659983291562,1.1228417498492451
12,B affine + conformal,80,0.9203333333333333,0.8880534670008354,0.7843966134713334
12,B recalibrated,160,0.9276666666666666,0.8930659983291562,1.1276793112889887
12,B affine + conformal,160,0.9346666666666666,0.9072681704260651,0.8404454554288192
13,A in-distribution,0,0.8813333333333333,0.8787061994609164,0.2069972832702922
13,B naive (reuse A quantile),0,0.19033333333333333,0.17128874388254486,0.2069972832702922
13,B recalibrated,20,0.956,0.9290375203915171,1.3316841669311155
13,B affine + conformal,20,0.9553333333333334,0.9241435562805873,0.9191711816209767
13,B recalibrated,40,0.8923333333333333,0.8539967373572593,1.0616760547133133
13,B affine + conformal,40,0.9556666666666667,0.9265905383360522,1.108604551421946
13,B recalibrated,80,0.896,0.8588907014681892,1.0733852052033228
13,B affine + conformal,80,0.9143333333333333,0.8646003262642741,0.7807395575751083
13,B recalibrated,160,0.9083333333333333,0.8694942903752039,1.1107360754165918
13,B affine + conformal,160,0.912,0.8548123980424144,0.7707123864815582
14,A in-distribution,0,0.8883333333333333,0.9002659574468085,0.2008330086888334
14,B naive (reuse A quantile),0,0.189,0.19863013698630136,0.2008330086888334
14,B recalibrated,20,0.8853333333333333,0.8527397260273972,1.082737394844619
14,B affine + conformal,20,0.716,0.648972602739726,0.5239703036320513
14,B recalibrated,40,0.8076666666666666,0.771404109589041,0.9171353616130705
14,B affine + conformal,40,0.9633333333333334,0.9366438356164384,0.9593617873054769
14,B recalibrated,80,0.9503333333333334,0.9238013698630136,1.3004833535204057
14,B affine + conformal,80,0.8853333333333333,0.8330479452054794,0.7178289507595467
14,B recalibrated,160,0.8676666666666667,0.8313356164383562,1.035024024150114
14,B affine + conformal,160,0.8366666666666667,0.7722602739726028,0.6258012929482281
15,A in-distribution,0,0.9123333333333333,0.9182058047493403,0.21683791744016176
15,B naive (reuse A quantile),0,0.216,0.19846678023850084,0.21683791744016176
15,B recalibrated,20,0.9663333333333334,0.9420783645655877,1.389385068949046
15,B affine + conformal,20,0.9613333333333334,0.9369676320272572,1.0611145796401098
15,B recalibrated,40,0.8653333333333333,0.8168654173764907,0.9981127038138008
15,B affine + conformal,40,0.9363333333333334,0.8909710391822828,0.8707856681561743
15,B recalibrated,80,0.874,0.8253833049403748,1.019994569919847
15,B affine + conformal,80,0.861,0.797274275979557,0.6647381459831667
15,B recalibrated,160,0.8913333333333333,0.8449744463373083,1.0713618078335678
15,B affine + conformal,160,0.8796666666666667,0.8168654173764907,0.7110473919661281
16,A in-distribution,0,0.9143333333333333,0.9143258426966292,0.21081808460685458
16,B naive (reuse A quantile),0,0.19433333333333333,0.2041343669250646,0.21081808460685458
16,B recalibrated,20,0.883,0.8604651162790697,1.0581222697109596
16,B affine + conformal,20,0.9696666666666667,0.9465977605512489,0.9529188025606036
16,B recalibrated,40,0.8773333333333333,0.8552971576227391,1.0475777269070843
16,B affine + conformal,40,0.9593333333333334,0.9336778639104221,0.888152825305195
16,B recalibrated,80,0.9066666666666666,0.8837209302325582,1.1180355900151724
16,B affine + conformal,80,0.844,0.7795004306632214,0.6271869673296554
16,B recalibrated,160,0.858,0.8285960378983634,1.0055282151268372
16,B affine + conformal,160,0.931,0.8914728682170543,0.7976441926203514
17,A in-distribution,0,0.8913333333333333,0.8049113233287858,0.22366740372002977
17,B naive (reuse A quantile),0,0.198,0.18771331058020477,0.22366740372002974
17,B recalibrated,20,0.866,0.8046075085324232,1.0819527625559935
17,B affine + conformal,20,0.8423333333333334,0.7713310580204779,0.6561306928442739
17,B recalibrated,40,0.8543333333333333,0.7918088737201365,1.0636045219908896
17,B affine + conformal,40,0.887,0.8199658703071673,0.7367101727456544
17,B recalibrated,80,0.846,0.7841296928327645,1.0444204463414226
17,B affine + conformal,80,0.8296666666666667,0.75,0.6193855245790694
17,B recalibrated,160,0.886,0.8293515358361775,1.1196207428877607
17,B affine + conformal,160,0.9286666666666666,0.8762798634812287,0.8475971030501864
18,A in-distribution,0,0.921,0.9139633286318759,0.2158546328461293
18,B naive (reuse A quantile),0,0.20766666666666667,0.20080971659919028,0.2158546328461293
18,B recalibrated,20,0.8823333333333333,0.8550607287449393,1.0418996950742871
18,B affine + conformal,20,0.971,0.9497975708502024,1.0355679328369511
18,B recalibrated,40,0.8766666666666667,0.8469635627530364,1.0284167250619036
18,B affine + conformal,40,0.8553333333333333,0.7975708502024291,0.6598278579026647
18,B recalibrated,80,0.8596666666666667,0.8251012145748988,0.9925287592874389
18,B affine + conformal,80,0.851,0.8008097165991903,0.6579880454009065
18,B recalibrated,160,0.869,0.8348178137651822,1.0145137758265026
18,B affine + conformal,160,0.8833333333333333,0.8291497975708502,0.6883203549326103
19,A in-distribution,0,0.8913333333333333,0.8516949152542372,0.20605282637033473
19,B naive (reuse A quantile),0,0.193,0.15844155844155844,0.20605282637033473
19,B recalibrated,20,0.9136666666666666,0.8779220779220779,1.1445569344903286
19,B affine + conformal,20,0.9813333333333333,0.9645021645021645,1.1402524432451309
19,B recalibrated,40,0.93,0.8978354978354979,1.2034188417965677
19,B affine + conformal,40,0.9023333333333333,0.8476190476190476,0.7640384527937715
19,B recalibrated,80,0.923,0.8900432900432901,1.1770437076488636
19,B affine + conformal,80,0.8743333333333333,0.8051948051948052,0.711343466487737
19,B recalibrated,160,0.897,0.8528138528138528,1.0984060488193639
19,B affine + conformal,160,0.93,0.8813852813852814,0.8207760502934391
20,A in-distribution,0,0.918,0.916,0.2662617556402255
20,B naive (reuse A quantile),0,0.253,0.23639455782312926,0.26626175564022553
20,B recalibrated,20,0.847,0.8052721088435374,1.0119191297702943
20,B affine + conformal,20,0.8756666666666667,0.8239795918367347,0.7457685460471323
20,B recalibrated,40,0.8673333333333333,0.8273809523809523,1.0520229020896699
20,B affine + conformal,40,0.9206666666666666,0.8792517006802721,0.8285857209785208
20,B recalibrated,80,0.8826666666666667,0.8401360544217688,1.0800952288291832
20,B affine + conformal,80,0.8883333333333333,0.8401360544217688,0.7751216604593604
20,B recalibrated,160,0.9293333333333333,0.8937074829931972,1.2279853763547735
20,B affine + conformal,160,0.906,0.8656462585034014,0.7822055223199268
21,A in-distribution,0,0.9213333333333333,0.9604086845466155,0.21773834422460325
21,B naive (reuse A quantile),0,0.22266666666666668,0.19782971619365608,0.21773834422460325
21,B recalibrated,20,0.861,0.8121869782971619,0.9963503580047564
21,B affine + conformal,20,0.742,0.676126878130217,0.5977327966624656
21,B recalibrated,40,0.9453333333333334,0.9115191986644408,1.253485082008581
21,B affine + conformal,40,0.8706666666666667,0.8096828046744574,0.6707571587940983
21,B recalibrated,80,0.9263333333333333,0.8881469115191987,1.1679862588378358
21,B affine + conformal,80,0.9356666666666666,0.8906510851419032,0.8408999405293877
21,B recalibrated,160,0.9053333333333333,0.8597662771285476,1.0977260865153546
21,B affine + conformal,160,0.9336666666666666,0.8881469115191987,0.8343766992964213
22,A in-distribution,0,0.9243333333333333,0.9059139784946236,0.24675030141296747
22,B naive (reuse A quantile),0,0.26466666666666666,0.2627257799671593,0.24675030141296747
22,B recalibrated,20,0.926,0.8973727422003284,1.120471396082072
22,B affine + conformal,20,0.9606666666666667,0.9334975369458128,0.9649627935753559
22,B recalibrated,40,0.928,0.8998357963875205,1.1340509031164405
22,B affine + conformal,40,0.965,0.9326765188834154,0.9573681453910565
22,B recalibrated,80,0.9273333333333333,0.8981937602627258,1.1247217601056076
22,B affine + conformal,80,0.9086666666666666,0.8604269293924466,0.7982835085524123
22,B recalibrated,160,0.907,0.8694581280788177,1.0572396421499841
22,B affine + conformal,160,0.9233333333333333,0.8793103448275862,0.7991660902718715
23,A in-distribution,0,0.9183333333333333,0.9162234042553191,0.27466105693593285
23,B naive (reuse A quantile),0,0.26566666666666666,0.25359256128486896,0.27466105693593285
23,B recalibrated,20,0.8643333333333333,0.8098055790363483,1.025368748488653
23,B affine + conformal,20,0.99,0.9805579036348268,1.23327111363937
23,B recalibrated,40,0.913,0.8689771766694844,1.1739811390178314
23,B affine + conformal,40,0.835,0.7726120033812341,0.6235140708769782
23,B recalibrated,80,0.891,0.8410819949281487,1.1030157933698561
23,B affine + conformal,80,0.958,0.9306846999154691,0.9580381136038877
23,B recalibrated,160,0.8986666666666666,0.8512256973795436,1.1322722230362567
23,B affine + conformal,160,0.8353333333333334,0.7692307692307693,0.6248018787922512
24,A in-distribution,0,0.8963333333333333,0.9304123711340206,0.23612514622873063
24,B naive (reuse A quantile),0,0.23033333333333333,0.20994940978077573,0.23612514622873063
24,B recalibrated,20,0.7183333333333334,0.6323777403035413,0.766230639453525
24,B affine + conformal,20,0.7253333333333334,0.6610455311973018,0.5659891533647027
24,B recalibrated,40,0.887,0.8313659359190556,1.0917809033748151
24,B affine + conformal,40,0.9683333333333334,0.948566610455312,1.0214310165993208
24,B recalibrated,80,0.9243333333333333,0.8794266441821248,1.1910304614459652
24,B affine + conformal,80,0.8326666666666667,0.7875210792580101,0.6541782418356487
24,B recalibrated,160,0.935,0.8954468802698144,1.2244426561942874
24,B affine + conformal,160,0.9003333333333333,0.8600337268128162,0.7468906551713757
25,A in-distribution,0,0.9046666666666666,0.9161205766710354,0.21108880949807585
25,B naive (reuse A quantile),0,0.224,0.1902398676592225,0.21108880949807585
25,B recalibrated,20,0.9293333333333333,0.8808933002481389,1.177946671514985
25,B affine + conformal,20,0.9846666666666667,0.9751861042183623,1.3029713730445416
25,B recalibrated,40,0.9293333333333333,0.8808933002481389,1.1777687216982606
25,B affine + conformal,40,0.9036666666666666,0.8560794044665012,0.7640177250440614
25,B recalibrated,80,0.862,0.7973531844499586,0.9860971509733438
25,B affine + conformal,80,0.728,0.6451612903225806,0.4690296715003438
25,B recalibrated,160,0.864,0.8006617038875103,0.9922564193307751
25,B affine + conformal,160,0.8863333333333333,0.826302729528536,0.7116257167372226
26,A in-distribution,0,0.9153333333333333,0.9225721784776902,0.23880549816556604
26,B naive (reuse A quantile),0,0.22966666666666666,0.20256410256410257,0.23880549816556604
26,B recalibrated,20,0.9406666666666667,0.8965811965811966,1.2938867802877938
26,B affine + conformal,20,0.8676666666666667,0.8367521367521368,0.7904820198110956
26,B recalibrated,40,0.899,0.8358974358974359,1.1252545265012188
26,B affine + conformal,40,0.9046666666666666,0.8589743589743589,0.8049607203164939
26,B recalibrated,80,0.9043333333333333,0.8393162393162393,1.1380434530464016
26,B affine + conformal,80,0.9073333333333333,0.8401709401709402,0.7754677409384397
26,B recalibrated,160,0.8796666666666667,0.8102564102564103,1.0714370375877582
26,B affine + conformal,160,0.9003333333333333,0.847008547008547,0.7562442348967925
27,A in-distribution,0,0.8766666666666667,0.8495339547270306,0.20137500167732325
27,B naive (reuse A quantile),0,0.171,0.16319733555370525,0.20137500167732325
27,B recalibrated,20,0.993,0.9866777685262281,1.6581394981355935
27,B affine + conformal,20,0.993,0.9875104079933389,1.230105920622751
27,B recalibrated,40,0.8213333333333334,0.7776852622814321,0.9009692758410226
27,B affine + conformal,40,0.879,0.8159866777685262,0.7156810772862958
27,B recalibrated,80,0.9483333333333334,0.9200666111573689,1.2368590110624371
27,B affine + conformal,80,0.9013333333333333,0.8368026644462948,0.784259583303905
27,B recalibrated,160,0.9156666666666666,0.8742714404662781,1.1252622249759163
27,B affine + conformal,160,0.8966666666666666,0.8384679433805162,0.7667975804049759
28,A in-distribution,0,0.9266666666666666,0.891156462585034,0.22558272754556613
28,B naive (reuse A quantile),0,0.204,0.20100502512562815,0.22558272754556613
28,B recalibrated,20,0.8693333333333333,0.8324958123953099,1.0430207989511202
28,B affine + conformal,20,0.9933333333333333,0.9849246231155779,1.3322133498422006
28,B recalibrated,40,0.955,0.9355108877721943,1.3154678521960232
28,B affine + conformal,40,0.9583333333333334,0.9304857621440537,0.948813633643818
28,B recalibrated,80,0.907,0.8685092127303182,1.1456006396821536
28,B affine + conformal,80,0.91,0.8592964824120602,0.7451839281338535
28,B recalibrated,160,0.8873333333333333,0.847571189279732,1.085940753809264
28,B affine + conformal,160,0.8543333333333333,0.7964824120603015,0.636215885300861
29,A in-distribution,0,0.8443333333333334,0.8616187989556136,0.20090593575346816
29,B naive (reuse A quantile),0,0.19266666666666668,0.1805324459234609,0.20090593575346816
29,B recalibrated,20,0.8886666666666667,0.8377703826955075,1.0728847635086816
29,B affine + conformal,20,0.9693333333333334,0.9534109816971714,1.1369173525921605
29,B recalibrated,40,0.9013333333333333,0.8535773710482529,1.0947662561676845
29,B affine + conformal,40,0.856,0.7895174708818635,0.6728577090895431
29,B recalibrated,80,0.9383333333333334,0.9059900166389351,1.2199516986891097
29,B affine + conformal,80,0.9533333333333334,0.9184692179700499,0.9366421937791165
29,B recalibrated,160,0.918,0.8777038269550749,1.1539449288644759
29,B affine + conformal,160,0.9026666666666666,0.8452579034941764,0.7488179669131402
