split,endpoint,proxy_regime,human_regime,reviewer,notes
validation,244574,clear,,,
validation,252108,clear,,,
validation,259589,clear,,,
validation,267488,clear,,,
validation,274782,clear,,,
validation,282080,clear,,,
validation,288947,clear,,,
validation,296946,clear,,,
validation,247388,partly,,,
validation,252374,partly,,,
validation,257290,partly,,,
validation,263529,partly,,,
validation,271374,partly,,,
validation,281398,partly,,,
validation,292986,partly,,,
validation,296332,partly,,,
validation,251268,overcast,,,
validation,251270,overcast,,,
validation,251271,overcast,,,
validation,251272,overcast,,,
validation,251273,overcast,,,
validation,273007,overcast,,,
validation,273009,overcast,,,
validation,281034,overcast,,,
