method,n_target,coverage_mean,coverage_std,coverage_high_noise_mean,width_mean,width_std,n_seeds
A in-distribution,0,0.8999444444444445,0.023154831729886007,0.8992216083341327,0.2222280452542212,0.023870364215081086,30
B affine + conformal,20,0.9100666666666667,0.10490763680750988,0.878124721838357,0.9355986027091163,0.25309547182789305,30
B affine + conformal,40,0.9228888888888889,0.04392970118533064,0.8821585113025692,0.8567143373119882,0.13664348322947573,30
B affine + conformal,80,0.8928111111111111,0.049595504317743275,0.8425601517023263,0.7577160218827613,0.10573323213436883,30
B affine + conformal,160,0.9022888888888888,0.03226420306607843,0.8529831203507053,0.7589755887152541,0.07704611358961719,30
B naive (reuse A quantile),0,0.2127888888888889,0.029380902303686993,0.20062471193338396,0.22222804525422124,0.023870364215081093,30
B recalibrated,20,0.9111222222222222,0.05470614521599343,0.8747593272593732,1.1866363685137409,0.1928587353612346,30
B recalibrated,40,0.8981,0.04011460115785323,0.8581804743886862,1.1172399429631896,0.11732379933316396,30
B recalibrated,80,0.9013111111111112,0.037067499094817796,0.8605476812487288,1.119027738978894,0.09238970172265389,30
B recalibrated,160,0.9001444444444445,0.02484660731920125,0.8582981061844649,1.1108101427155055,0.07806896915884033,30
